"http://creativecommons.org/licenses/by/3.0/deed.nl","known url"
"http://creativecommons.org/licenses/by/4.0/deed.nl","known url"
"http://creativecommons.org/licenses/by/3.0/nl/","known url"
"http://creativecommons.org/publicdomain/zero/1.0/deed.nl","known url"
"http://creativecommons.org/publicdomain/mark/1.0/deed.nl","known url"
"http://inspire.ec.europa.eu/id/document/tg/au","known url"
"http://inspire.ec.europa.eu/id/document/tg/am","known url"
"http://inspire.ec.europa.eu/id/document/tg/ef","known url"
"http://inspire.ec.europa.eu/id/document/tg/el","known url"
"http://inspire.ec.europa.eu/id/document/tg/hy","known url"
"http://inspire.ec.europa.eu/id/document/tg/hh","known url"
"http://data.europa.eu/eli/reg/2010/1089","known url"
"http://inspire.ec.europa.eu/id/document/tg/nz","known url"
"http://inspire.ec.europa.eu/id/document/tg/of","known url"
"http://inspire.ec.europa.eu/id/document/tg/pf","known url"
"http://inspire.ec.europa.eu/id/document/tg/ps","known url"
"http://inspire.ec.europa.eu/id/document/tg/tn","known url"
"http://inspire.ec.europa.eu/id/document/tg/us","known url"
"http://inspire.ec.europa.eu/applicationschema/of","known url"
"http://inspire.ec.europa.eu/media-types/application/x-shapefile","known url"
"http://inspire.ec.europa.eu/applicationschema","known url"
"http://inspire.ec.europa.eu/metadata-codelist/LimitationsOnPublicAccess/INSPIRE_Directive_Article13_1f","known url"
"http://inspire.ec.europa.eu/metadata-codelist/ConditionsApplyingToAccessAndUse/noConditionsApply","known url"
"http://inspire.ec.europa.eu/metadata-codelist/OnLineDescriptionCode/endPoint","known url"
"http://inspire.ec.europa.eu/metadata-codelist/OnLineDescriptionCode/accessPoint","known url"
"http://inspire.ec.europa.eu/metadata-codelist/PriorityDataset","known url"
"http://inspire.ec.europa.eu/metadata-codelist/LimitationsOnPublicAccess/noLimitations","known url"
"http://inspire.ec.europa.eu/metadata-codelist/PriorityDataset/Agglomerations-dir-1991-271","known url"
"http://inspire.ec.europa.eu/metadata-codelist/PriorityDataset/BirdSpeciesDistribution-dir-2009-147","known url"
"http://inspire.ec.europa.eu/metadata-codelist/PriorityDataset/DischargePointsToReceivingWaters-dir-1991-271","known url"
"http://inspire.ec.europa.eu/metadata-codelist/PriorityDataset/DrinkingWaterAbstractionPoints-dir-1998-83","known url"
"http://inspire.ec.europa.eu/metadata-codelist/PriorityDataset/CoastalWaters-dir-2000-60","known url"
"http://inspire.ec.europa.eu/metadata-codelist/PriorityDataset/ActualPollutantReleases-reg-2006-166","known url"
"http://inspire.ec.europa.eu/metadata-codelist/PriorityDataset/EstablishmentsInvolvingDangerousSubstances-dir-2012-18","known url"
"http://inspire.ec.europa.eu/metadata-codelist/PriorityDataset/BirdsRange-dir-2009-147","known url"
"http://inspire.ec.europa.eu/metadata-codelist/PriorityDataset/FloodedAreas-dir-2007-60","known url"
"http://inspire.ec.europa.eu/metadata-codelist/PriorityDataset#","known url"
"http://inspire.ec.europa.eu/metadata-codelist/PriorityDataset/HabitatTypesDistribution-dir-1992-43","known url"
"http://inspire.ec.europa.eu/metadata-codelist/PriorityDataset/HabitatTypesRange-dir-1992-43","known url"
"http://inspire.ec.europa.eu/metadata-codelist/PriorityDataset/FloodRiskZones-dir-2007-60","known url"
"http://inspire.ec.europa.eu/metadata-codelist/PriorityDataset/MajorAirportsNoiseExposureDelineationDEN-dir-2002-49","known url"
"http://inspire.ec.europa.eu/metadata-codelist/PriorityDataset/MajorAirportsNoiseExposureDelineationNight-dir-2002-49","known url"
"http://inspire.ec.europa.eu/metadata-codelist/PriorityDataset/IndustrialSites-EURegistry-reg-2006-166","known url"
"http://inspire.ec.europa.eu/metadata-codelist/PriorityDataset/InvasiveAlienSpeciesDistribution-reg-2014-1143","known url"
"http://inspire.ec.europa.eu/metadata-codelist/PriorityDataset/Lakes-dir-2000-60","known url"
"http://inspire.ec.europa.eu/metadata-codelist/PriorityDataset/MajorRoadsNoiseExposureDelineation-dir-2002-49","known url"
"http://inspire.ec.europa.eu/metadata-codelist/PriorityDataset/MajorRoadsNoiseExposureDelineationDEN-dir-2002-49","known url"
"http://inspire.ec.europa.eu/metadata-codelist/PriorityDataset/MonitoringStations-dir-2008-56","known url"
"http://inspire.ec.europa.eu/metadata-codelist/PriorityDataset/MajorRailwaysNoiseExposureDelineationNight-dir-2002-49","known url"
"http://inspire.ec.europa.eu/metadata-codelist/PriorityDataset/MajorRailwaysNoiseExposureDelineationDEN-dir-2002-49","known url"
"http://inspire.ec.europa.eu/metadata-codelist/PriorityDataset/NationallyDesignatedAreasCDDA","known url"
"http://inspire.ec.europa.eu/metadata-codelist/PriorityDataset/MonitoringStations-dir-2000-60","known url"
"http://inspire.ec.europa.eu/metadata-codelist/PriorityDataset/Natura2000Sites-dir-1992-43","known url"
"http://inspire.ec.europa.eu/metadata-codelist/PriorityDataset/RiverBasinDistricts-dir-2000-60","known url"
"http://inspire.ec.europa.eu/metadata-codelist/PriorityDataset/MSFDReportingUnits-dir-2008-56","known url"
"http://inspire.ec.europa.eu/metadata-codelist/PriorityDataset/MarineAssessmentUnits-dir-2008-56","known url"
"http://inspire.ec.europa.eu/metadata-codelist/PriorityDataset/SpeciesRange-dir-1992-43","known url"
"http://inspire.ec.europa.eu/metadata-codelist/PriorityDataset/ManagementUnits-dir-2007-60","known url"
"http://inspire.ec.europa.eu/metadata-codelist/PriorityDataset/TransitionalWaters-dir-2000-60","known url"
"http://inspire.ec.europa.eu/metadata-codelist/PriorityDataset/RiverBasinDistrictsSubUnits-dir-2000-60","known url"
"http://inspire.ec.europa.eu/metadata-codelist/PriorityDataset/Rivers-dir-2000-60","known url"
"http://inspire.ec.europa.eu/metadata-codelist/SpatialDataServiceType/http://inspire.ec.europa.eu/metadata-codelist/SpatialDataServiceType/download","known url"
"http://inspire.ec.europa.eu/metadata-codelist/PriorityDataset/SpeciesDistribution-dir-1992-43","known url"
"http://inspire.ec.europa.eu/metadata-codelist/SpatialDataServiceType/download","known url"
"http://inspire.ec.europa.eu/metadata-codelist/SpatialDataServiceType/view","known url"
"http://inspire.ec.europa.eu/metadata-codelist/PriorityDataset/Natura2000Sites-dir-2009-147","known url"
"http://inspire.ec.europa.eu/metadata-codelist/SpatialScope","known url"
"http://inspire.ec.europa.eu/schemas/am/4.0/AreaManagementRestrictionRegulationZone.xsd","known url"
"http://inspire.ec.europa.eu/schemas/ef/4.0/EnvironmentalMonitoringFacilities.xsd","known url"
"http://inspire.ec.europa.eu/schemas/el-bas/4.0/ElevationBaseTypes.xsd","known url"
"http://inspire.ec.europa.eu/schemas/hh/4.0/HumanHealth.xsd","known url"
"http://inspire.ec.europa.eu/schemas/hy-n/4.0/HydroNetwork.xsd","known url"
"http://inspire.ec.europa.eu/schemas/hy/4.0/HydroBase.xsd","known url"
"http://inspire.ec.europa.eu/schemas/mu/3.0/MaritimeUnits.xsd","known url"
"http://inspire.ec.europa.eu/schemas/nz-core/4.0/NaturalRiskZonesCore.xsd","known url"
"http://inspire.ec.europa.eu/schemas/nz/0.0/NaturalRiskZones.xsd","known url"
"http://inspire.ec.europa.eu/schemas/of/4.0/OceanFeatures.xsd","known url"
"http://inspire.ec.europa.eu/schemas/pf/4.0/ProductionAndIndustrialFacilities.xsd","known url"
"http://inspire.ec.europa.eu/metadata-codelist/SpatialScope/national","known url"
"http://inspire.ec.europa.eu/schemas/ps/4.0/ProtectedSites.xsd","known url"
"http://inspire.ec.europa.eu/schemas/tn-ro/4.0/RoadTransportNetwork.xsd","known url"
"http://inspire.ec.europa.eu/schemas/tn-w/4.0/WaterTransportNetwork.xsd","known url"
"http://inspire.ec.europa.eu/schemas/tn/4.0/CommonTransportElements.xsd","known url"
"http://inspire.ec.europa.eu/schemas/us-govserv/4.0/GovernmentalServices.xsd","known url"
"http://inspire.ec.europa.eu/metadata-codelist/SpatialScope/european","known url"
"http://standaarden.overheid.nl/owms/terms/Ministerie_van_Economische_Zaken","known url"
"http://standaarden.overheid.nl/owms/terms/Rijksinstituut_voor_Volksgezondheid_en_Milieu","known url"
"http://standaarden.overheid.nl/owms/terms/RVO","known url"
"http://www.eionet.europa.eu/gemet/nl/inspire-theme/ac","known url"
"http://www.eionet.europa.eu/gemet/inspire_themes","known url"
"http://www.eionet.europa.eu/gemet/nl/inspire-theme/ad","known url"
"http://www.eionet.europa.eu/gemet/nl/inspire-theme/af","known url"
"http://inspire.ec.europa.eu/metadata-codelist/PriorityDataset/UrbanWasteWaterTreatmentPlants-dir-1991-271","known url"
"http://inspire.ec.europa.eu/metadata-codelist/SpatialDataServiceType/other","known url"
"http://www.eionet.europa.eu/gemet/nl/inspire-theme/am","known url"
"http://www.eionet.europa.eu/gemet/nl/inspire-theme/au","known url"
"http://inspire.ec.europa.eu/metadata-codelist/PriorityDataset/SurfaceWaterBodies-dir-2000-60","known url"
"http://www.eionet.europa.eu/gemet/nl/inspire-theme/bu","known url"
"http://www.eionet.europa.eu/gemet/nl/inspire-theme/cp","known url"
"http://www.eionet.europa.eu/gemet/nl/inspire-theme/ef","known url"
"http://www.eionet.europa.eu/gemet/nl/inspire-theme/er","known url"
"http://www.eionet.europa.eu/gemet/nl/inspire-theme/ge","known url"
"http://www.eionet.europa.eu/gemet/nl/inspire-theme/gn","known url"
"http://www.eionet.europa.eu/gemet/nl/inspire-theme/hb","known url"
"http://www.eionet.europa.eu/gemet/nl/inspire-theme/hh","known url"
"http://www.eionet.europa.eu/gemet/nl/inspire-theme/hy","known url"
"http://www.eionet.europa.eu/gemet/nl/inspire-theme/lc","known url"
"http://www.eionet.europa.eu/gemet/nl/inspire-theme/lu","known url"
"http://www.eionet.europa.eu/gemet/nl/inspire-theme/mf","known url"
"http://www.eionet.europa.eu/gemet/nl/inspire-theme/nz","known url"
"http://www.eionet.europa.eu/gemet/nl/inspire-theme/of","known url"
"http://www.eionet.europa.eu/gemet/nl/inspire-theme/oi","known url"
"http://inspire.ec.europa.eu/theme#","known url"
"http://www.eionet.europa.eu/gemet/nl/inspire-theme/pd","known url"
"http://www.eionet.europa.eu/gemet/nl/inspire-theme/pf","known url"
"http://www.eionet.europa.eu/gemet/nl/inspire-theme/ps","known url"
"http://www.eionet.europa.eu/gemet/nl/inspire-theme/rs","known url"
"http://www.eionet.europa.eu/gemet/nl/inspire-theme/sd","known url"
"http://www.eionet.europa.eu/gemet/nl/inspire-theme/so","known url"
"http://www.eionet.europa.eu/gemet/nl/inspire-theme/sr","known url"
"http://www.iana.org/assignments/media-types/application/gml+xml","known url"
"http://www.eionet.europa.eu/gemet/nl/inspire-theme/su","known url"
"http://www.opengeospatial.org/standards/sos","known url"
"http://www.opengeospatial.org/standards/wcs","known url"
"http://www.opengeospatial.org/standards/wfs","known url"
"http://www.opengeospatial.org/standards/wms","known url"
"http://www.eionet.europa.eu/gemet/nl/inspire-theme/tn","known url"
"http://www.eionet.europa.eu/gemet/nl/inspire-theme/us","known url"
"http://www.opengeospatial.org/standards/wmts","known url"
"http://www.opengis.net/def/crs/EPSG/0/3034","known url"
"http://www.opengis.net/def/crs/EPSG/0/3857","known url"
"http://www.opengis.net/def/crs/EPSG/0/4258","known url"
"http://www.opengis.net/def/crs/EPSG/0/3035","known url"
"http://www.opengis.net/def/crs/EPSG/0/4326","known url"
"http://www.opengis.net/def/crs/EPSG/0/5709","known url"
"http://www.opengis.net/def/crs/EPSG/0/23031","known url"
"http://www.opengis.net/def/crs/EPSG/0/5730","known url"
"http://www.opengis.net/def/crs/EPSG/0/25831","known url"
"http://www.opengis.net/def/crs/EPSG/0/5861","known url"
"http://www.opengis.net/def/crs/EPSG/0/25832","known url"
"http://www.opengis.net/def/crs/EPSG/0/EPSG:4326","known url"
"http://www.opengis.net/def/crs/EPSG/0/28992","known url"
"http://www.opengis.net/def/crs/EPSG/0/epsg:28992","known url"
"http://www.opengis.net/def/crs/EPSG/0/EPSG:28992","known url"
"http://www.opengis.net/def/serviceType/ogc/wcs","known url"
"http://www.opengis.net/def/serviceType/ogc/wfs","known url"
"http://www.opengis.net/def/serviceType/ogc/wmts","known url"
"http://www.opengis.net/def/serviceType/ogc/wms","known url"
"https://geodata.nationaalgeoregister.nl/elu/atom/elu.xml","known url"
"https://ec.europa.eu/eurostat/web/health/data/database","known url"
"https://geodata.cbs.nl/files/INSPIRE","known url"
"https://inspire.ec.europa.eu/id/document/tg/of","known url"
"https://inspire.ec.europa.eu/id/document/tg/au","known url"
"https://ngr.geocat.live/geonetwork/srv/eng/thesaurus.download?ref=external.theme.httpinspireeceuropaeumetadatacodelistSpatialScope-SpatialScope","known url"
"https://inspire.ec.europa.eu/id/document/tg/ps","known url"
"https://inspire.ec.europa.eu/schemas/ps/4.0/ProtectedSites.xsd","known url"
"https://www.cbs.nl/-/media/cbs/dossiers/nederland%20regionaal/wijk-en-buurtstatistieken/shape%202017%20versie%2020.zip","known url"
"https://www.cbs.nl/nl-nl/dossier/nederland-regionaal/geografische-data/wijk-en-buurtkaart-2016","known url"
"https://www.cbs.nl/nl-nl/dossier/nederland-regionaal/geografische-data/wijk-en-buurtkaart-2018","known url"
"https://www.iana.org/assignments/media-types/application/gml+xml","known url"
"https://www.iana.org/assignments/media-types/application/zip","known url"
"http://www.wur.nl/nl/Expertises-Dienstverlening/Onderzoeksinstituten/Environmental-Research.htm","known url"
"https://www.iana.org/assignments/media-types/image/png","known url"
"https://www.cbs.nl/nl-nl/dossier/nederland-regionaal/geografische-data/wijk-en-buurtkaart-2019","known url"
"https://tools.ietf.org/html/rfc4287","known url"
"https://tools.ietf.org/html/rfc5023","known url"
"https://www.nationaalgeoregister.nl/geonetwork/srv/eng/thesaurus.download?ref=external.theme.httpinspireeceuropaeumetadatacodelistPriorityDataset-PriorityDataset","known url"
"https://www.nationaalgeoregister.nl/geonetwork/srv/eng/thesaurus.download?ref=external.theme.httpinspireeceuropaeumetadatacodelistSpatialScope-SpatialScope","known url"
"https://www.nationaalgeoregister.nl/geonetwork/srv/eng/thesaurus.download?ref=external.theme.httpinspireeceuropaeutheme-theme","known url"
"https://www.nationaalgeoregister.nl:443/geonetwork/srv/eng/thesaurus.download?ref=external.theme.httpinspireeceuropaeuapplicationschema-applicationschema","known url"
"https://www.nationaalgeoregister.nl:443/geonetwork/srv/eng/thesaurus.download?ref=external.theme.httpinspireeceuropaeumetadatacodelistPriorityDataset-PriorityDataset","known url"
"https://www.nationaalgeoregister.nl:443/geonetwork/srv/eng/thesaurus.download?ref=external.theme.httpinspireeceuropaeumetadatacodelistSpatialScope-SpatialScope","known url"
"https://www.nationaalgeoregister.nl:443/geonetwork/srv/eng/thesaurus.download?ref=external.theme.httpinspireeceuropaeutheme-theme","known url"
"https://www.nationaalgeoregister.nl","known url"
"https://www.nationaalgeoregister.nl/geonetwork/srv/dut/catalog.search#/metadata/977e0e94-7aa9-4784-b2da-eaec44adb61b","Habitatrichtlijn verspreiding van habitattypen"
"https://www.nationaalgeoregister.nl/geonetwork/srv/dut/catalog.search#/metadata/fcefa13c-44e2-4953-b6d6-1ddceebc57fc","Vogelrichtlijn verspreiding van soorten"
"http://standaarden.overheid.nl/owms/terms/Ministerie_van_Landbouw,_Natuur_en_Voedselkwaliteit","Invasieve Exoten (INSPIRE Geharmoniseerd)"
"http://standaarden.overheid.nl/owms/terms/Ministerie_van_Landbouw,_Natuur_en_Voedselkwaliteit","Habitatrichtlijn verspreiding van habitattypen"
"http://standaarden.overheid.nl/owms/terms/Ministerie_van_Landbouw,_Natuur_en_Voedselkwaliteit","Vogelrichtlijn verspreiding van soorten"
"http://www.opengis.net/def/crs/EPSG/0/http://www.opengis.net/def/crs/EPSG/0/4258","Vervoersnetwerken - Wegen (INSPIRE geharmoniseerd)"
"http://standaarden.overheid.nl/owms/terms/Ministerie_van_Landbouw,_Natuur_en_Voedselkwaliteit","Nationale Parken (INSPIRE Geharmoniseerd)"
"http://www.opengis.net/def/crs/EPSG/0/http://www.opengis.net/def/crs/EPSG/0/4258","Vervoersnetwerken - Kabelbanen (INSPIRE geharmoniseerd)"
"http://nationaalgeoregister.nl/geonetwork/srv/dut/catalog.search#/metadata/247a1d15-0a67-40ce-85be-1403c08f15a8","Nationale Parken (INSPIRE Geharmoniseerd)"
"http://www.opengis.net/def/crs/EPSG/0/http://www.opengis.net/def/crs/EPSG/0/4258","Vervoersnetwerken - Luchttransport (INSPIRE geharmoniseerd)"
"http://standaarden.overheid.nl/owms/terms/Ministerie_van_Landbouw,_Natuur_en_Voedselkwaliteit","Nationale Parken (INSPIRE Geharmoniseerd)"
"http://www.opengis.net/def/crs/EPSG/0/http://www.opengis.net/def/crs/EPSG/0/4258","Hydrografie - Physical Waters (INSPIRE geharmoniseerd)"
"http://www.opengis.net/def/crs/EPSG/0/http://www.opengis.net/def/crs/EPSG/0/4258","Vervoersnetwerken - Spoorwegen (INSPIRE geharmoniseerd)"
"https://nationaalgeoregister.nl/geonetwork/srv/dut/catalog.search#/metadata/d845cef6-0e23-4212-a951-b69763e39ef0","Windsnelheden op 100m hoogte (m/s)"
"http://standaarden.overheid.nl/owms/terms/Ministerie_van_Landbouw,_Natuur_en_Voedselkwaliteit","Nationale Parken (INSPIRE Geharmoniseerd)"
"http://standaarden.overheid.nl/owms/terms/Ministerie_van_Landbouw,_Natuur_en_Voedselkwaliteit","Habitatrichtlijn verspreiding van soorten"
"https://www.nationaalgeoregister.nl/geonetwork/srv/dut/catalog.search#/metadata/28c4780a-1a44-4376-b283-14a50a481729","Habitatrichtlijn verspreiding van soorten"
"http://standaarden.overheid.nl/owms/terms/Ministerie_van_Landbouw,_Natuur_en_Voedselkwaliteit","Habitatrichtlijn verspreiding van soorten"
"http://standaarden.overheid.nl/owms/terms/Ministerie_van_Landbouw,_Natuur_en_Voedselkwaliteit","Habitatrichtlijn verspreidingsgebied van habitattypen"
"http://www.opengis.net/def/crs/EPSG/0/http://www.opengis.net/def/crs/EPSG/0/3034","Productie/industrie-inrichtingen (o.b.v. SBI-codes) uit {Risico Register Gevaarlijke stoffen (RRGS)}"
"http://www.opengis.net/def/crs/EPSG/0/http://www.opengis.net/def/crs/EPSG/0/4258","Zeegebieden (INSPIRE geharmoniseerd)"
"http://www.opengis.net/def/crs/EPSG/0/NAP","BRO GeoTOP (GTM)"
"http://www.opengis.net/def/crs/EPSG/0/https://www.opengis.net/def/crs/EPSG/0/4258","Maritieme grenzen - basislijn Noordzee"
"http://nationaalgeoregister.nl/geonetwork/srv/dut/csw?SERVICE=CSW&version=2.0.2&REQUEST=GetRecordById&elementSetName=full&OutputSchema=http://www.isotc211.org/2005/gmd&ID=b6ee58a1-b097-4c6d-8600-eb81efc1468c","Productie/industrie-inrichtingen (o.b.v. SBI-codes) uit {Risico Register Gevaarlijke stoffen (RRGS)}"
"http://www.opengis.net/def/crs/EPSG/0/https://www.opengis.net/def/crs/EPSG/0/4258","Maritieme grenzen - Noordzee"
"http://services.rce.geovoorziening.nl/www/download/nl.xml","Werelderfgoed"
"http://geodata.nationaalgeoregister.nl/cbsvierkanten500mv2/atom/cbsvierkanten500mv2.xml","CBS Vierkantstatistieken 500m"
"http://www.opengis.net/def/crs/EPSG/0/http://www.opengis.net/def/crs/EPSG/0/3034","Gebiedsbeheer, gebieden waar beperkingen gelden, gereguleerde gebieden en rapportage-eenheden - Provincies (INSPIRE geharmoniseerd)"
"http://nationaalgeoregister.nl/geonetwork/srv/dut/csw?SERVICE=CSW&version=2.0.2&REQUEST=GetRecordById&elementSetName=full&OutputSchema=http://www.isotc211.org/2005/gmd&ID=0f128799-cf18-4b37-a721-e62b068191f5","Gebiedsbeheer, gebieden waar beperkingen gelden, gereguleerde gebieden en rapportage-eenheden - Provincies (INSPIRE geharmoniseerd)"
"http://www.opengis.net/def/crs/EPSG/0/http://www.opengis.net/def/crs/EPSG/0/3034","Nationale Landschappen"
"http://services.rce.geovoorziening.nl/www/download/nl.xml","Rijksmonumenten (verouderd)"
"http://www.opengis.net/def/crs/EPSG/0/http://www.opengis.net/def/crs/EPSG/0/3034","Natuurnetwerk Nederland"
"http://nationaalgeoregister.nl/geonetwork/srv/dut/csw?SERVICE=CSW&version=2.0.2&REQUEST=GetRecordById&elementSetName=full&OutputSchema=http://www.isotc211.org/2005/gmd&ID=60a2a7c2-d5b3-4ad5-b562-c448695357fb","Nationale Landschappen"
"http://nationaalgeoregister.nl/geonetwork/srv/dut/csw?SERVICE=CSW&version=2.0.2&REQUEST=GetRecordById&elementSetName=full&OutputSchema=http://www.isotc211.org/2005/gmd&ID=c7d8d77b-8c47-4309-8c58-9b12b086407f","Natuurnetwerk Nederland"
"http://www.opengis.net/def/crs/EPSG/0/http://www.opengis.net/def/crs/EPSG/0/4258","Vervoersnetwerken - Waterwegen (INSPIRE geharmoniseerd)"
"https://www.nationaalgeoregister.nl/geonetwork/srv/dut/catalog.search#/metadata/5a1adb58-0bbe-425d-b0fe-577a6c0a4228","Actueel Hoogtebestand Nederland 1 (AHN1)"
"https://www.nationaalgeoregister.nl/geonetwork/srv/dut/catalog.search#/metadata/wt-f5eb-b09f-4f6d-8397-8878a1b86238","Menselijke gezondheid en veiligheid - geluidbelasting rijkswegen 2011 (INSPIRE geharmoniseerd)"
"https://www.nationaalgeoregister.nl/geonetwork/srv/dut/catalog.search#/metadata/9b583730-e750-485a-9c0c-39bf9be72cf9","Geluidbelasting rijkswegen in Nederland 2006 (24-uurs gemiddelde)"
"https://www.nationaalgeoregister.nl/geonetwork/srv/dut/catalog.search#/metadata/wt-3730-e750-485a-9c0c-39bf9be72cf9","Menselijke gezondheid en veiligheid -  geluidbelasting rijkswegen 2006 (INSPIRE geharmoniseerd)"
"https://www.nationaalgeoregister.nl/geonetwork/srv/dut/catalog.search#/metadata/50eef6be-619d-4e16-9b92-48971109b636","Geluidbelasting rijkswegen in Nederland 2011 (nacht gemiddelde)"
"https://www.nationaalgeoregister.nl/geonetwork/srv/dut/catalog.search#/metadata/8de2f5eb-b09f-4f6d-8397-8878a1b86238","Geluidbelasting rijkswegen in Nederland 2011 (24-uurs gemiddelde)"
"https://www.nationaalgeoregister.nl/geonetwork/srv/dut/catalog.search#/metadata/9b583730-e750-485a-9c0c-39bf9be72cf8","Geluidbelasting rijkswegen in Nederland 2016 (24-uurs gemiddelde)"
"https://www.nationaalgeoregister.nl/geonetwork/srv/dut/catalog.search#/metadata/krm-a905-9d8e-4758-83fa-28b057f185e3","Kaderrichtlijn Mariene Strategie - Rapportage eenheden Nederland EU2018"
"https://www.nationaalgeoregister.nl/geonetwork/srv/dut/catalog.search#/metadata/krm-a905-9d8e-4758-83fa-28b057f185e4","Kaderrichtlijn Mariene Strategie - Mariene wateren Nederland EU2018"
"https://www.nationaalgeoregister.nl/geonetwork/srv/dut/catalog.search#/metadata/tbjk534p-wubf-crbp-cj25-d4161160gfim","Kaderrichtlijn Mariene Strategie - Bevroren monitoringsdata"
"https://www.nationaalgeoregister.nl/geonetwork/srv/dut/catalog.search#/metadata/krw2006-c57b-44a2-83a4-e51223d5f15g","Kaderrichtlijn Water - Oppervlaktewaterlichamen Nederland EU2009 lijnen"
"https://www.nationaalgeoregister.nl/geonetwork/srv/dut/catalog.search#/metadata/622a632a-c57b-44a2-83a4-e51223d5f15g","Kaderrichtlijn Water - Oppervlaktewaterlichamen Nederland 2019 lijnen"
"https://www.nationaalgeoregister.nl/geonetwork/srv/dut/catalog.search#/metadata/a1960e70-22f4-4fd9-91a8-b605c6ceda3e","Kaderrichtlijn Water - Oppervlaktewaterlichamen Nederland EU2015 riviernetwerk"
"https://www.nationaalgeoregister.nl/geonetwork/srv/dut/catalog.search#/metadata/110f9ec6-4464-462e-9765-83d90cefbead","Kaderrichtlijn Water - Oppervlaktewaterlichamen Nederland EU2015 vlakken"
"https://www.nationaalgeoregister.nl/geonetwork/srv/dut/catalog.search#/metadata/110f9ec6-4464-462e-9765-83d90cefbeag","Kaderrichtlijn Water - Oppervlaktewaterlichamen Nederland EU2015 lijnen"
"https://www.nationaalgeoregister.nl/geonetwork/srv/dut/catalog.search#/metadata/891ddc2d-8949-4a45-be96-c65b87c41f13","Kaderrichtlijn Water - Monitoringlocaties Nederland EU2015"
"https://www.nationaalgeoregister.nl/geonetwork/srv/dut/catalog.search#/metadata/ror-9d8e-4758-83fx-28b057f185e1","Richtlijn Overstromingsrisico - gebieden met Potentieel Significant Overstromingsrisico EU2018 vlakken"
"https://www.nationaalgeoregister.nl/geonetwork/srv/dut/catalog.search#/metadata/a9b7026e-0a81-4813-93bd-ba49e6f28502","NWB - Wegen"
"https://www.nationaalgeoregister.nl/geonetwork/srv/dut/catalog.search#/metadata/10f9ec6-4464-462e-9765-83d90cefbeab","Kaderrichtlijn Water - Stroomgebieddistricten Nederland EU2015"
"https://www.nationaalgeoregister.nl/geonetwork/srv/dut/catalog.search#/metadata/2e31680f-68b5-4ff3-94a4-9c24109ffd5e","Kaderrichtlijn Water - Oppervlaktewaterlichamen Nederland 2019 vlakken"
"https://www.nationaalgeoregister.nl/geonetwork/srv/dut/catalog.search#/metadata/710c381c-ab2d-45d5-a45d-af2eba811e5f","Nationaal Hydrologisch Instrumentarium (NHI) - netwerkschematisatie"
"https://www.nationaalgeoregister.nl/geonetwork/srv/dut/catalog.search#/metadata/4783ea4f-6b8c-4600-8af0-516f3556cfe9","Kaderrichtlijn Water - Register Beschermd Gebied - Schelpdierwater 2008"
"https://www.nationaalgeoregister.nl/geonetwork/srv/dut/catalog.search#/metadata/eu-cb527d-f6db-4835-b0cd-deb245241254","Vervoersnetwerken - Wegen (INSPIRE geharmoniseerd) - RWS"
"https://www.nationaalgeoregister.nl/geonetwork/srv/dut/catalog.search#/metadata/eu-2c7040b-c448-451b-bf15-f2416ecaadd1","Vervoersnetwerken - Waterwegen (INSPIRE geharmoniseerd) - WT"
"https://www.nationaalgeoregister.nl/geonetwork/srv/dut/catalog.search#/metadata/be1b1514-8d1f-48e1-9624-fee9b784138b","Vaarwegmarkeringen Nederland"
"https://www.nationaalgeoregister.nl/geonetwork/srv/dut/catalog.search#/metadata/cbeaebc3-815a-48af-a978-0e16892865fc","Vogelrichtlijn verspreidingsgebied van soorten"
"http://inspire.ec.europa.eu/metadata-codelist/PriorityDataset/MajorRoadsNoiseExposureDelineationNight-dir-2002-49","Geluidbelasting rijkswegen in Nederland 2011 (nacht gemiddelde)"
"http://standaarden.overheid.nl/owms/terms/Ministerie_van_Landbouw,_Natuur_en_Voedselkwaliteit","Vogelrichtlijn verspreidingsgebied van soorten"
"http://www.opengis.net/def/crs/EPSG/0/NAP","BRO REGIS II Hydrogeologisch model (HGM)"
"http://geodata.nationaalgeoregister.nl/bestandbodemgebruik2015/extract/bestandbodemgebruik2015.zip","Bestand Bodemgebruik 2015"
"http://www.opengis.net/def/crs/EPSG/0/https://www.opengis.net/def/crs/EPSG/0/4258","EEZ volgens UNCLOS - Noordzee"
"http://nationaalgeoregister.nl/geonetwork/srv/dut/csw?SERVICE=CSW&version=2.0.2&REQUEST=GetRecordById&elementSetName=full&OutputSchema=http://www.isotc211.org/2005/gmd&ID=f5f68d51-2ca4-4897-8227-d3938b2b0a7e","Afvalinrichtingen inclusief nucleaire inrichtingen"
"http://www.opengis.net/def/crs/EPSG/0/http://www.opengis.net/def/crs/EPSG/0/3034","Natuurbranden"
"http://www.opengis.net/def/crs/EPSG/0/https://www.opengis.net/def/crs/EPSG/0/4258","Blokindeling Nederlands Continentaal Plat"
"http://nationaalgeoregister.nl/geonetwork/srv/dut/csw?SERVICE=CSW&version=2.0.2&REQUEST=GetRecordById&elementSetName=full&OutputSchema=http://www.isotc211.org/2005/gmd&ID=88f76a94-ee4d-4e0c-9fde-91b692403e39","Natuurbranden"
"https://geodata.nationaalgeoregister.nl/cbsgebiedsindelingen/atom/cbsgebiedsindelingen.xml","Statistical Units Vector"
"https://www.nationaalgeoregister.nl/geonetwork/srv/dut/catalog.search#/metadata/krw2006-68b5-4ff3-94a4-9c24109ffd5e","Kaderrichtlijn Water - Oppervlaktewaterlichamen Nederland EU2009 vlakken"
"https://www.nationaalgeoregister.nl/geonetwork/srv/dut/catalog.search#/metadata/7939fd42-cf88-42c5-ab3b-232cf232a3ac","Actueel Hoogtebestand Nederland 2 (AHN2)"
"https://www.nationaalgeoregister.nl/geonetwork/srv/dut/catalog.search#/metadata/eu-f297898-2640-44c2-bbe9-c0480da83794","Hydrografie - Netwerk (INSPIRE geharmoniseerd) - WT"
"https://www.nationaalgeoregister.nl/geonetwork/srv/dut/catalog.search#/metadata/3d59fd06-9aec-4744-91e7-65e119f74569","Mossel- en oesterhabitats"
"http://standaarden.overheid.nl/owms/terms/Ministerie_van_Landbouw,_Natuur_en_Voedselkwaliteit","Mossel- en oesterhabitats"
"http://nationaalgeoregister.nl/geonetwork/srv/dut/csw?SERVICE=CSW&version=2.0.2&REQUEST=GetRecordById&elementSetName=full&OutputSchema=http://www.isotc211.org/2005/gmd&ID=bc2c53f6-c908-4d7c-a6c0-78d9a2855640","Overstromingsgevaarkaarten"
"http://www.opengis.net/def/crs/EPSG/0/http://www.opengis.net/def/crs/EPSG/0/3034","NB-wetgebieden buiten Natura 2000"
"http://www.opengis.net/def/crs/EPSG/0/https://www.opengis.net/def/crs/EPSG/0/4258","Amplitude van het getij op de Noordzee"
"http://nationaalgeoregister.nl/geonetwork/srv/dut/csw?SERVICE=CSW&version=2.0.2&REQUEST=GetRecordById&elementSetName=full&OutputSchema=http://www.isotc211.org/2005/gmd&ID=f0821bfe-5a0a-11e9-8647-d663bd873d93","NB-wetgebieden buiten Natura 2000"
"http://www.opengis.net/def/crs/EPSG/0/http://www.opengis.net/def/crs/EPSG/0/4258","Adressen (INSPIRE geharmoniseerd)"
"http://standaarden.overheid.nl/owms/terms/Ministerie_van_Landbouw,_Natuur_en_Voedselkwaliteit","Mosselzaadinvanginstallaties"
"https://www.nationaalgeoregister.nl/geonetwork/srv/dut/catalog.search#/metadata/ror-9d8e-4758-83fx-28b057f185f1","Richtlijn Overstromingsrisico - historische overstromingen EU2018"
"http://www.nationaalgeoregister.nl/geonetwork/srv/dut/catalog.search#/metadata/a04afee4-47d5-45b7-b7a0-a6f86106af11","Mosselzaadinvanginstallaties"
"http://standaarden.overheid.nl/owms/terms/Ministerie_van_Landbouw,_Natuur_en_Voedselkwaliteit","Mosselzaadinvanginstallaties"
"http://www.opengis.net/def/crs/EPSG/0/https://www.opengis.net/def/crs/EPSG/0/4258","Territoriale Zee volgens UNCLOS - Noordzee"
"http://standaarden.overheid.nl/owms/terms/Ministerie_van_Landbouw,_Natuur_en_Voedselkwaliteit","Mosselzaadinvanginstallaties"
"http://www.opengis.net/def/crs/EPSG/0/ETRS89","Hydrografie waterschappen INSPIRE"
"https://www.nationaalgeoregister.nl/geonetwork/srv/dut/catalog.search#/metadata/krw-782cab20-8328-45f1-a9b2-c27d07c14066","Kaderrichtlijn Water - Deelstroomgebieden Nederland 2019 vlakken"
"http://www.opengis.net/def/crs/EPSG/0/http://www.opengis.net/def/crs/EPSG/0/3034","Geluidszones rondom vliegvelden"
"http://www.opengis.net/def/crs/EPSG/0/http://www.opengis.net/def/crs/EPSG/0/4258","Vervoersnetwerken - Gemeenschappelijke elementen (INSPIRE geharmoniseerd)"
"http://nationaalgeoregister.nl/geonetwork/srv/dut/csw?SERVICE=CSW&version=2.0.2&REQUEST=GetRecordById&elementSetName=full&OutputSchema=http://www.isotc211.org/2005/gmd&ID=41023936-009d-48ec-a90d-c966895463c1","Geluidszones rondom vliegvelden"
"https://www.nationaalgeoregister.nl/geonetwork/srv/dut/catalog.search#/metadata/adn73c4a-ef03-4785-b7f6-942e86b385f7","Bathymetrie Nederland - binnenwateren"
"https://geodata.nationaalgeoregister.nl/cbsgebiedsindelingen/atom/cbsgebiedsindelingen.xml","CBS gebiedsindelingen"
"https://www.nationaalgeoregister.nl/geonetwork/srv/dut/catalog.search#/metadata/25294679-adb9-4c39-a93b-6954ff9414ac","Waterstanden en afvoeren verwacht - Rijkswaterstaat"
"https://www.iana.org/assignments/media-types/application/geopackage+sqlite3","CBS gebiedsindelingen"
"https://www.nationaalgeoregister.nl/geonetwork/srv/dut/catalog.search#/metadata/d6b85d84-cdb9-4a6e-b799-cf8826e22a94","Ligging industrie en CO2 emissies"
"http://www.opengis.net/def/crs/EPSG/0/https://www.opengis.net/def/crs/EPSG/0/4258","Gebieden in de territoriale zee"
"http://www.opengis.net/def/crs/EPSG/0/http://www.opengis.net/def/crs/EPSG/0/4258","Gebouwen (INSPIRE geharmoniseerd)"
"http://www.opengis.net/def/crs/EPSG/0/http://www.opengis.net/def/crs/EPSG/0/4258","Kadastrale Percelen (INSPIRE geharmoniseerd)"
"https://www.nationaalgeoregister.nl/geonetwork/srv/dut/catalog.search#/metadata/wt-83730-e750-485a-9c0c-39bf9be72cf8","Menselijke gezondheid en veiligheid - geluidbelasting rijkswegen 2016 (INSPIRE geharmoniseerd)"
"http://geodata.nationaalgeoregister.nl/cbsvierkanten100mv2/atom/cbsvierkanten100mv2.xml","CBS Vierkantstatistieken 100m"
"http://www.opengis.net/def/crs/EPSG/0/https://www.opengis.net/def/crs/EPSG/0/4258","Aansluitende zone volgens UNCLOS - Noordzee"
"https://www.nationaalgeoregister.nl/geonetwork/srv/dut/catalog.search#/metadata/110f9ec6-4464-462e-9765-83d90cefbeac","Kaderrichtlijn Water - Deelstroomgebieden Nederland EU2015"
"https://www.nationaalgeoregister.nl/geonetwork/srv/dut/catalog.search#/metadata/ror-9d8e-4758-83fx-28b057f185g1","Richtlijn Overstromingsrisico - gebieden met Potentieel Significant Overstromingsrisico EU2018 lijnen"
"http://www.opengis.net/def/crs/EPSG/0/http://www.opengis.net/def/crs/EPSG/0/4258","Nationaal Beschermde Gebieden (CDDA) (INSPIRE geharmoniseerd)"
"https://www.nationaalgeoregister.nl/geonetwork/srv/dut/catalog.search#/metadata/3387ef8a-9237-453a-aa4e-585d1e193550","Nationaal Beschermde Gebieden (CDDA) (INSPIRE geharmoniseerd)"
"http://www.opengis.net/def/crs/EPSG/0/http://www.opengis.net/def/crs/EPSG/0/3034","Beschermde gebieden - Provincies (INSPIRE geharmoniseerd)"
"https://www.nationaalgeoregister.nl/geonetwork/srv/dut/catalog.search#/metadata/cf69ec50-9849-4afd-853c-ee56211d336d","Waterstanden en afvoeren actueel - Rijkswaterstaat"
"http://services.rce.geovoorziening.nl/www/download/nl.xml","Stads- en Dorpsgezichten"
"http://www.opengis.net/def/crs/EPSG/0/http://www.opengis.net/def/crs/EPSG/0/3034","Begrenzingen van vergunde ontgrondingsgebieden voor zand- en grindwinning"
"http://nationaalgeoregister.nl/geonetwork/srv/dut/csw?SERVICE=CSW&version=2.0.2&REQUEST=GetRecordById&elementSetName=full&OutputSchema=http://www.isotc211.org/2005/gmd&ID=49ab8bee-b467-486a-96ca-b950443c453a","Beschermde gebieden - Provincies (INSPIRE geharmoniseerd)"
"http://nationaalgeoregister.nl/geonetwork/srv/dut/csw?SERVICE=CSW&version=2.0.2&REQUEST=GetRecordById&elementSetName=full&OutputSchema=http://www.isotc211.org/2005/gmd&ID=58e7dc38-a498-4852-b4ef-908f5baa9056","Begrenzingen van vergunde ontgrondingsgebieden voor zand- en grindwinning"
"http://www.opengis.net/def/crs/EPSG/0/http://www.opengis.net/def/crs/EPSG/0/3034","Wet Ammoniak en Veehouderij gebieden"
"https://www.iana.org/assignments/media-types/application/xml","Human Health NL NUTS2"
"https://www.iana.org/assignments/media-types/application/xml","Population Distribution NL"
"https://www.nationaalgeoregister.nl/geonetwork/srv/dut/catalog.search#/metadata/krw-f7bb2351-9788-42ea-a58b-a5ee1842304e","Kaderrichtlijn Water - Stroomgebieddistricten Nederland 2019 vlakken"
"http://nationaalgeoregister.nl/geonetwork/srv/dut/csw?SERVICE=CSW&version=2.0.2&REQUEST=GetRecordById&elementSetName=full&OutputSchema=http://www.isotc211.org/2005/gmd&ID=998ba1dc-f6a6-49a3-a021-51f30d9b1d0e","Wet Ammoniak en Veehouderij gebieden"
"https://www.iana.org/assignments/media-types/application/xml","Human Health NL NUTS2"
"https://www.iana.org/assignments/media-types/application/xml","Population Distribution NL"
"https://www.iana.org/assignments/media-types/application/xml","Population Distribution NL"
"http://www.opengis.net/def/crs/EPSG/0/http://www.opengis.net/def/crs/EPSG/0/3034","Provinciale monumenten"
"http://www.opengis.net/def/crs/EPSG/0/http://www.opengis.net/def/crs/EPSG/0/3034","Aardkundige waarden"
"http://www.opengis.net/def/crs/EPSG/0/https://www.opengis.net/def/crs/EPSG/0/4258","Nederlands deel PSSA Waddenzee"
"https://www.nationaalgeoregister.nl/geonetwork/srv/dut/catalog.search#/metadata/fe0e1e5f-512f-4bb1-bbf8-4028d3dfa24f","Schelpdierpercelen"
"https://www.nationaalgeoregister.nl/geonetwork/srv/dut/catalog.search#/metadata/0d6ccccc-7cfb-4eaa-8dc5-8b433d19b121","Landbouwbedrijven"
"http://nationaalgeoregister.nl/geonetwork/srv/dut/csw?SERVICE=CSW&version=2.0.2&REQUEST=GetRecordById&elementSetName=full&OutputSchema=http://www.isotc211.org/2005/gmd&ID=ca94a0cb-7561-4a10-a7d6-b840e56c33ff","Provinciale monumenten"
"http://nationaalgeoregister.nl/geonetwork/srv/dut/csw?SERVICE=CSW&version=2.0.2&REQUEST=GetRecordById&elementSetName=full&OutputSchema=http://www.isotc211.org/2005/gmd&ID=f002bfc5-7d87-46b6-819e-8415422b65c9","Aardkundige waarden"
"http://standaarden.overheid.nl/owms/terms/Ministerie_van_Landbouw,_Natuur_en_Voedselkwaliteit","Schelpdierpercelen"
"http://standaarden.overheid.nl/owms/terms/Ministerie_van_Landbouw,_Natuur_en_Voedselkwaliteit","Landbouwbedrijven"
"http://nationaalgeoregister.nl/geonetwork/srv/dut/csw?SERVICE=CSW&version=2.0.2&REQUEST=GetRecordById&elementSetName=full&OutputSchema=http://www.isotc211.org/2005/gmd&ID=2daad588-11ef-47de-9832-6fe2c3b93e6d","Overstromingsrisicokaarten"
"http://geogedeeld.geonovum.nl/","Landbouwbedrijven"
"http://standaarden.overheid.nl/owms/terms/Ministerie_van_Landbouw,_Natuur_en_Voedselkwaliteit","Wetlands (RAMSAR) (INSPIRE Geharmoniseerd)"
"http://standaarden.overheid.nl/owms/terms/Ministerie_van_Landbouw,_Natuur_en_Voedselkwaliteit","Landbouwbedrijven"
"http://nationaalgeoregister.nl/geonetwork/srv/dut/catalog.search#/metadata/19165027-a13a-4c19-9013-ec1fd191019d","Wetlands (RAMSAR) (INSPIRE Geharmoniseerd)"
"http://geodata.nationaalgeoregister.nl/cbsprovincies/extract/cbsprovincies.zip","CBS Provincies 2012"
"http://standaarden.overheid.nl/owms/terms/Ministerie_van_Landbouw,_Natuur_en_Voedselkwaliteit","Wetlands (RAMSAR) (INSPIRE Geharmoniseerd)"
"http://www.opengis.net/def/crs/EPSG/0/https://www.opengis.net/def/crs/EPSG/0/4258","Gebieden in de Eemsmonding en de Dollard"
"https://www.nationaalgeoregister.nl/geonetwork/srv/dut/catalog.search#/metadata/uwwtd-9d8e-4758-83fa-28b057f185e3","Richtlijn Stedelijk Afvalwater - rioolwaterzuiveringsinstallaties Nederland EU2015"
"https://www.nationaalgeoregister.nl/geonetwork/srv/dut/catalog.search#/metadata/uwwtd-9d8e-4758-83fa-28b057f185e1","Richtlijn Stedelijk Afvalwater - agglomeraties Nederland EU2015"
"http://standaarden.overheid.nl/owms/terms/Ministerie_van_Landbouw,_Natuur_en_Voedselkwaliteit","Wetlands (RAMSAR) (INSPIRE Geharmoniseerd)"
"https://www.nationaalgeoregister.nl/geonetwork/srv/dut/catalog.search#/metadata/uwwtd-9d8e-4758-83fa-28b057f185e2","Richtlijn Stedelijk Afvalwater - lozingspunten Nederland EU2015"
"http://www.opengis.net/def/crs/EPSG/0/http://www.opengis.net/def/crs/EPSG/0/3034","Stiltegebieden"
"http://inspire.rdw.nl/www/download/Licentie-Geogedeeld-RDW.pdf","Beperkingen voor voertuigen (INSPIRE geharmoniseerde data)"
"http://nationaalgeoregister.nl/geonetwork/srv/dut/csw?SERVICE=CSW&version=2.0.2&REQUEST=GetRecordById&elementSetName=full&OutputSchema=http://www.isotc211.org/2005/gmd&ID=cc408b2d-09a6-4b2b-9aa3-b46bfe2f00a5","Stiltegebieden"
"https://www.nationaalgeoregister.nl/geonetwork/srv/dut/catalog.search#/metadata/68ebd5c9-0ea1-4f22-9907-ec4c063cd3e2","Landelijk zoet en zoutwatermeetnet - Rijkswaterstaat"
"https://www.nationaalgeoregister.nl/geonetwork/srv/dut/catalog.search#/metadata/adn73c4a-ef03-4785-b7f6-942e86b385f5","Bathymetrie Nederland - kust"
"http://www.opengis.net/def/crs/EPSG/0/http://www.opengis.net/def/crs/EPSG/0/4258","Administratieve Eenheden (INSPIRE geharmoniseerd)"
"https://www.nationaalgeoregister.nl/geonetwork/srv/dut/catalog.search#/metadata/f273941e-9c3b-43bc-b886-2d50d0bf9348","Habitatrichtlijn verspreidingsgebied van soorten"
"https://nationaalgeoregister.nl/geonetwork/srv/dut/catalog.search#/metadata/dc5b522e-3e14-4738-9e8e-2401e1b19ef2","Potentieel koude en warmte uit open en gesloten WKO systemen (GJ/ha.jaar)"
"http://www.opengis.net/def/crs/EPSG/0/http://www.opengis.net/def/crs/EPSG/0/3034","Geluidszones rondom bedrijventerreinen zowel provinciaal als gemeentelijk"
"http://nationaalgeoregister.nl/geonetwork/srv/dut/csw?SERVICE=CSW&version=2.0.2&REQUEST=GetRecordById&elementSetName=full&OutputSchema=http://www.isotc211.org/2005/gmd&ID=df5ee213-e1bd-433b-80f7-4ea20f493ca8","Zwemwaterkwaliteit (provinciaal en Rijkswateren) uit {Zwemwaterregister}"
"http://www.opengis.net/def/crs/EPSG/0/http://www.opengis.net/def/crs/EPSG/0/3034","Zwemwater (provinciaal en Rijkswateren) uit {Zwemwaterregister}"
"http://standaarden.overheid.nl/owms/terms/Ministerie_van_Landbouw,_Natuur_en_Voedselkwaliteit","Habitatrichtlijn verspreidingsgebied van soorten"
"http://nationaalgeoregister.nl/geonetwork/srv/dut/csw?SERVICE=CSW&version=2.0.2&REQUEST=GetRecordById&elementSetName=full&OutputSchema=http://www.isotc211.org/2005/gmd&ID=c829abeb-bfac-4224-8332-e7a9a89e692e","Zwemwater (provinciaal en Rijkswateren) uit {Zwemwaterregister}"
"http://nationaalgeoregister.nl/geonetwork/srv/dut/csw?SERVICE=CSW&version=2.0.2&REQUEST=GetRecordById&elementSetName=full&OutputSchema=http://www.isotc211.org/2005/gmd&ID=34e6165f-1269-48d1-b255-0f05d163d692","Geluidszones rondom bedrijventerreinen zowel provinciaal als gemeentelijk"
"http://standaarden.overheid.nl/owms/terms/Ministerie_van_Landbouw,_Natuur_en_Voedselkwaliteit","Natura 2000 (INSPIRE geharmoniseerd)"
"http://nationaalgeoregister.nl/geonetwork/srv/dut/catalog.search#/metadata/280ed37a-b8d2-4ac5-8567-04d84fad3a41","Natura 2000 (INSPIRE geharmoniseerd)"
